UserID,firstName,lastName,email,password,role
554079,Max,Mustermann,max.mustermann@beispiel.de,sicheres_Passwort123!!,admin
134936,Max,Mustermann,max.mustermann@beispiel.de,sicheres_Passwort123!!,admin
762993,Max,Mustermann,max.mustermann@beispiel.de,sicheres_Passwort123!!,admin
259845,Max,Mustermann,max.mustermann@beispiel.de,sicheres_Passwort123!!,admin
311213,Max,Mustermann,max.mustermann@beispiel.de,sicheres_Passwort123!!,admin
815744,Max,Mustermann,max.mustermann@beispiel.de,sicheres_Passwort123!!,admin
837029,Max,Mustermann,max.mustermann@beispiel.de,sicheres_Passwort123!!,admin
957051,Max,Mustermann,max.mustermann@beispiel.de,sicheres_Passwort123!!,admin
737435,Max,Mustermann,max.mustermann@beispiel.de,sicheres_Passwort123,admin
990644,Max,Mustermann,max.mustermann@beispiel.de,sicheres_Passwort123,admin
691974,Max,Mustermann,max.mustermann@beispiel.de,sicheres_Passwort123,admin
116736,Max,Mustermann,max.mustermann@beispiel.de,sicheres_Passwort123,admin
314888,Max,Mustermann,max.mustermann@beispiel.de,sicheresPasswort12_3,admin
